City_ID,City,Country,Date,Lat,Lng,Max Temp,Humidity,Cloudiness,Wind Speed
0,Albany,US,2022-01-23 22:20:42,42.6001,-73.9662,28.47,78,100,1.9
1,Tuktoyaktuk,CA,2022-01-23 22:22:53,69.4541,-133.0374,3.2,78,100,6.91
2,Ahuimanu,US,2022-01-23 22:22:54,21.4447,-157.8378,82.11,66,100,4.0
3,Hilo,US,2022-01-23 22:22:54,19.7297,-155.09,80.33,71,75,10.36
4,Yellowknife,CA,2022-01-23 22:19:58,62.456,-114.3525,-15.59,82,40,5.75
5,Pevek,RU,2022-01-23 22:22:55,69.7008,170.3133,-12.51,96,100,18.25
6,Kushima,JP,2022-01-23 22:22:55,31.4583,131.2333,53.64,92,92,11.48
7,Camocim,BR,2022-01-23 22:22:56,-2.9022,-40.8411,80.58,72,59,15.1
8,Ambulu,ID,2022-01-23 22:22:56,-8.345,113.6058,76.55,88,90,4.03
9,Shafranovo,RU,2022-01-23 22:22:57,53.9667,54.7667,6.44,92,100,1.61
10,Busselton,AU,2022-01-23 22:22:57,-33.65,115.3333,65.08,72,53,15.68
11,Kisangani,CD,2022-01-23 22:22:58,0.5167,25.2,74.07,75,100,2.84
12,Ushuaia,AR,2022-01-23 22:22:58,-54.8,-68.3,51.46,66,75,21.85
13,Kruisfontein,ZA,2022-01-23 22:22:58,-34.0033,24.7314,69.89,45,0,5.46
14,Yulara,AU,2022-01-23 22:22:59,-25.2406,130.9889,75.04,60,0,12.66
15,Hithadhoo,MV,2022-01-23 22:22:59,-0.6,73.0833,81.99,67,38,16.31
16,Mataura,NZ,2022-01-23 22:23:00,-46.1927,168.8643,58.48,50,51,1.32
17,Barrow,US,2022-01-23 22:23:00,71.2906,-156.7887,1.42,78,100,0.0
18,Gat,IL,2022-01-23 22:20:01,31.61,34.7642,50.77,100,100,5.46
19,Galle,LK,2022-01-23 22:21:32,6.0367,80.217,74.5,83,100,3.31
20,Tiksi,RU,2022-01-23 22:23:01,71.6872,128.8694,-6.38,100,100,3.36
21,Arraial Do Cabo,BR,2022-01-23 22:23:01,-22.9661,-42.0278,78.66,78,0,21.85
22,Puerto Ayora,EC,2022-01-23 22:20:38,-0.7393,-90.3518,84.16,82,100,9.93
23,Gusau,NG,2022-01-23 22:23:02,12.1628,6.6614,68.92,16,4,9.93
24,Kavaratti,IN,2022-01-23 22:23:02,10.5669,72.642,79.65,63,8,11.65
25,Faanui,PF,2022-01-23 22:23:03,-16.4833,-151.75,81.19,71,66,16.06
26,Longyearbyen,SJ,2022-01-23 22:23:03,78.2186,15.6401,12.04,85,0,10.36
27,Am Timan,TD,2022-01-23 22:23:04,11.0297,20.2827,75.74,20,12,7.63
28,Qaanaaq,GL,2022-01-23 22:23:04,77.484,-69.3632,-4.67,75,100,3.94
29,Chokurdakh,RU,2022-01-23 22:23:04,70.6333,147.9167,-19.52,99,100,6.4
30,Kavieng,PG,2022-01-23 22:23:05,-2.5744,150.7967,82.99,71,49,5.32
31,Kieta,PG,2022-01-23 22:23:05,-6.2167,155.6333,83.35,75,39,6.4
32,Khandyga,RU,2022-01-23 22:23:06,62.6667,135.6,-41.93,100,55,0.98
33,Mayskiy,RU,2022-01-23 22:23:06,47.6931,40.1025,28.44,98,100,12.46
34,Iqaluit,CA,2022-01-23 22:23:07,63.7506,-68.5145,-7.87,64,100,3.44
35,Hermanus,ZA,2022-01-23 22:23:07,-34.4187,19.2345,68.9,96,43,6.58
36,Rikitea,PF,2022-01-23 22:23:07,-23.1203,-134.9692,78.51,71,98,15.43
37,Rio Branco,BR,2022-01-23 22:23:08,-9.9747,-67.81,83.01,83,20,0.0
38,Portadown,GB,2022-01-23 22:23:08,54.4241,-6.4412,42.48,80,100,8.84
39,Dikson,RU,2022-01-23 22:23:09,73.5069,80.5464,-9.65,100,100,17.18
40,Bredasdorp,ZA,2022-01-23 22:23:09,-34.5322,20.0403,69.12,83,50,11.5
41,Darovskoy,RU,2022-01-23 22:23:10,58.77,47.9564,-1.48,100,100,2.84
42,Eucaliptus,BO,2022-01-23 22:23:10,-17.5833,-67.5167,49.69,57,100,6.02
43,Victoria,HK,2022-01-23 22:21:41,22.2855,114.1577,67.32,94,82,1.01
44,Cape Town,ZA,2022-01-23 22:24:12,-33.9258,18.4232,69.28,88,75,12.66
45,Port Lincoln,AU,2022-01-23 22:19:21,-34.7333,135.8667,69.73,92,72,8.72
46,Hobart,AU,2022-01-23 22:24:12,-42.8794,147.3294,70.11,80,100,1.01
47,Uncia,BO,2022-01-23 22:24:13,-18.467,-66.5685,49.8,72,100,3.4
48,Narsaq,GL,2022-01-23 22:24:13,60.9167,-46.05,23.22,71,100,11.01
49,Osorio,BR,2022-01-23 22:24:13,-29.8867,-50.2697,80.2,79,24,1.48
50,Samarai,PG,2022-01-23 22:24:14,-10.6167,150.6667,83.26,76,72,11.23
51,Vaini,TO,2022-01-23 22:24:14,-21.2,-175.2,81.12,72,22,10.22
52,Grand Gaube,MU,2022-01-23 22:24:15,-20.0064,57.6608,79.2,85,56,1.01
53,Shingu,JP,2022-01-23 22:24:15,33.7333,135.9833,44.46,87,100,7.25
54,Bluff,NZ,2022-01-23 22:24:15,-46.6,168.3333,58.8,58,77,0.2
55,Leningradskiy,RU,2022-01-23 22:24:16,69.3833,178.4167,-16.15,95,100,5.44
56,Havre-Saint-Pierre,CA,2022-01-23 22:24:16,50.2334,-63.5986,21.2,68,100,9.22
57,Kapaa,US,2022-01-23 22:24:17,22.0752,-159.319,81.12,70,20,1.01
58,Isla Mujeres,MX,2022-01-23 22:24:17,21.2311,-86.731,73.45,79,33,14.07
59,Srednekolymsk,RU,2022-01-23 22:24:17,67.45,153.6833,-27.74,98,100,6.64
60,Cabo San Lucas,MX,2022-01-23 22:20:41,22.8909,-109.9124,74.61,67,100,1.99
61,Kolpashevo,RU,2022-01-23 22:24:18,58.3131,82.9089,-13.97,100,100,1.79
62,Jamestown,US,2022-01-23 22:24:19,42.097,-79.2353,24.12,65,100,3.0
63,Punta Arenas,CL,2022-01-23 22:24:14,-53.15,-70.9167,57.31,54,75,20.71
64,Khatanga,RU,2022-01-23 22:24:19,71.9667,102.5,-21.23,100,100,3.2
65,Castro,BR,2022-01-23 22:24:20,-24.7911,-50.0119,76.98,59,4,0.54
66,Klaksvik,FO,2022-01-23 22:24:20,62.2266,-6.589,40.12,60,100,26.71
67,Tasiilaq,GL,2022-01-23 22:24:21,65.6145,-37.6368,15.96,49,45,11.48
68,Clyde River,CA,2022-01-23 22:24:21,70.4692,-68.5914,-7.37,84,100,25.32
69,Anadyr,RU,2022-01-23 22:19:30,64.75,177.4833,-19.7,75,40,6.71
70,Sitka,US,2022-01-23 22:24:22,57.0531,-135.33,39.09,93,100,4.61
71,Kaitangata,NZ,2022-01-23 22:24:22,-46.2817,169.8464,54.93,68,65,4.29
72,Lagoa,PT,2022-01-23 22:24:22,39.05,-27.9833,59.18,63,34,7.45
73,Calama,CL,2022-01-23 22:20:37,-22.4667,-68.9333,70.29,28,40,23.02
74,Petropavlovsk-Kamchatskiy,RU,2022-01-23 22:24:24,53.0452,158.6483,0.19,71,0,11.18
75,Lorengau,PG,2022-01-23 22:24:24,-2.0226,147.2712,81.99,81,90,11.7
76,Isangel,VU,2022-01-23 22:22:48,-19.55,169.2667,86.11,84,20,2.3
77,Lebu,CL,2022-01-23 22:24:24,-37.6167,-73.65,63.72,76,1,10.36
78,Svetlogorsk,BY,2022-01-23 22:24:25,52.6333,29.7333,9.64,97,62,5.3
79,Zapolyarnyy,RU,2022-01-23 22:24:25,69.4154,30.8136,38.48,91,100,30.94
80,Alice Springs,AU,2022-01-23 22:23:21,-23.7,133.8833,78.35,83,51,0.0
81,Nikolskoye,RU,2022-01-23 22:24:26,59.7035,30.7861,27.88,94,94,8.37
82,Burnie,AU,2022-01-23 22:24:26,-41.0667,145.9167,69.93,81,94,9.1
83,Airai,TL,2022-01-23 22:24:27,-8.9266,125.4092,61.29,87,100,2.73
84,Luorong,CN,2022-01-23 22:24:27,24.4058,109.6086,50.74,84,98,9.17
85,Ahipara,NZ,2022-01-23 22:24:28,-35.1667,173.1667,69.64,81,100,12.06
86,Thompson,CA,2022-01-23 22:20:03,55.7435,-97.8558,-9.24,70,0,9.22
87,Port Alfred,ZA,2022-01-23 22:25:29,-33.5906,26.891,73.09,78,0,21.72
88,Mar Del Plata,AR,2022-01-23 22:20:45,-38.0023,-57.5575,78.82,58,0,7.0
89,Hami,CN,2022-01-23 22:25:29,42.8,93.45,22.41,59,0,5.41
90,Sungaipenuh,ID,2022-01-23 22:24:18,-2.0833,101.3833,64.06,96,99,2.28
91,Bengkulu,ID,2022-01-23 22:25:30,-3.8004,102.2655,75.06,89,75,4.0
92,Chapada Dos Guimaraes,BR,2022-01-23 22:24:40,-15.4606,-55.7497,76.66,68,91,3.24
93,Codrington,AU,2022-01-23 22:25:31,-38.2667,141.9667,82.45,32,100,6.87
94,Tual,ID,2022-01-23 22:25:31,-5.6667,132.75,83.16,77,93,12.01
95,Tombouctou,ML,2022-01-23 22:25:31,20.0,-3.0,63.86,13,3,11.9
96,Murdochville,CA,2022-01-23 22:25:32,48.9583,-65.5006,11.28,88,97,9.28
97,Husavik,IS,2022-01-23 22:25:32,66.0449,-17.3389,26.51,68,54,19.08
98,Chuy,UY,2022-01-23 22:25:33,-33.6971,-53.4616,75.18,94,72,6.44
99,Marau,BR,2022-01-23 22:25:33,-28.4492,-52.2,69.51,91,97,8.68
100,Macklin,CA,2022-01-23 22:25:34,52.3334,-109.9348,33.06,99,100,16.69
101,Vila Franca Do Campo,PT,2022-01-23 22:25:34,37.7167,-25.4333,59.2,70,26,6.55
102,Port Elizabeth,ZA,2022-01-23 22:25:34,-33.918,25.5701,72.1,88,0,4.61
103,Saint George,US,2022-01-23 22:20:51,37.1041,-113.5841,59.47,30,0,1.99
104,Ust-Nera,RU,2022-01-23 22:25:35,64.5667,143.2,-25.8,99,100,2.55
105,Beringovskiy,RU,2022-01-23 22:25:36,63.05,179.3167,-18.49,97,82,5.21
106,Ostrovnoy,RU,2022-01-23 22:25:36,68.0531,39.5131,29.43,94,100,33.06
107,Porto Nacional,BR,2022-01-23 22:25:36,-10.7081,-48.4172,75.2,89,31,9.08
108,Ponta Do Sol,PT,2022-01-23 22:25:37,32.6667,-17.1,64.71,79,98,6.02
109,San Juan,AR,2022-01-23 22:25:37,-31.5375,-68.5364,91.8,27,31,15.03
110,Kilindoni,TZ,2022-01-23 22:25:38,-7.9139,39.6668,80.47,81,100,13.6
111,Roald,NO,2022-01-23 22:25:38,62.5833,6.1333,47.32,76,75,33.38
112,Bestobe,KZ,2022-01-23 22:25:38,52.4994,73.0975,-13.92,100,61,3.29
113,Mahebourg,MU,2022-01-23 22:25:39,-20.4081,57.7,79.09,83,40,2.3
114,Boma,GH,2022-01-23 22:25:39,7.0805,-2.1697,73.92,22,2,2.91
115,Velyka Bahachka,UA,2022-01-23 22:25:40,49.7912,33.7226,18.32,92,100,13.35
116,Muisne,EC,2022-01-23 22:25:40,0.6,-80.0333,77.11,84,72,9.28
117,Ilulissat,GL,2022-01-23 22:25:41,69.2167,-51.1,14.02,57,100,16.11
118,Tromso,NO,2022-01-23 22:25:41,69.6496,18.957,44.62,70,75,11.01
119,Dakar,SN,2022-01-23 22:25:29,14.6937,-17.4441,88.68,69,88,9.22
120,Saint-Philippe,RE,2022-01-23 22:25:42,-21.3585,55.7679,80.19,82,36,8.05
121,Prainha,BR,2022-01-23 22:25:42,-1.8,-53.48,79.25,77,94,2.51
122,Saskylakh,RU,2022-01-23 22:25:43,71.9167,114.0833,-17.07,100,95,5.03
123,Touros,BR,2022-01-23 22:25:43,-5.1989,-35.4608,83.3,73,7,11.52
124,Harper,LR,2022-01-23 22:25:44,4.375,-7.7169,78.8,84,0,7.76
125,Georgetown,MY,2022-01-23 22:22:21,5.4112,100.3354,78.73,92,20,2.3
126,Caravelas,BR,2022-01-23 22:25:44,-17.7125,-39.2481,76.17,81,37,4.38
127,Bandarbeyla,SO,2022-01-23 22:25:45,9.4942,50.8122,74.5,70,4,18.19
128,Severo-Kurilsk,RU,2022-01-23 22:25:45,50.6789,156.125,25.3,74,100,10.78
129,Oistins,BB,2022-01-23 22:25:45,13.0667,-59.5333,78.89,69,40,13.8
130,Lata,PT,2022-01-23 22:25:46,40.1629,-8.3327,49.82,80,0,3.22
131,San Cristobal,VE,2022-01-23 22:25:46,7.7669,-72.225,75.38,56,82,1.83
132,Mabaruma,GY,2022-01-23 22:25:47,8.2,-59.7833,74.5,82,6,4.99
133,Visavadar,IN,2022-01-23 22:26:47,21.3833,70.6833,54.43,42,6,5.01
134,Laguna,US,2022-01-23 22:26:48,38.421,-121.4238,67.84,59,0,3.0
135,Mahenge,TZ,2022-01-23 22:26:48,-8.6833,36.7167,63.7,95,100,3.18
136,Hondo,JP,2022-01-23 22:26:49,32.45,130.2,49.95,74,96,16.8
137,College,US,2022-01-23 22:26:49,64.8569,-147.8028,13.66,80,75,0.0
138,Mount Gambier,AU,2022-01-23 22:26:49,-37.8333,140.7667,78.71,41,78,11.5
139,Olafsvik,IS,2022-01-23 22:26:50,64.8945,-23.7142,27.18,59,100,20.85
140,Imbituba,BR,2022-01-23 22:26:50,-28.24,-48.6703,83.82,78,3,15.32
141,Bud,US,2022-01-23 22:26:51,39.447,-86.1758,29.12,64,100,10.78
142,Lar,IN,2022-01-23 22:26:51,26.2039,83.9717,55.62,96,14,7.85
143,Nicolas Bravo,MX,2022-01-23 22:26:51,18.45,-88.9167,79.68,87,34,3.53
144,Geraldton,AU,2022-01-23 22:26:52,-28.7667,114.6,70.21,83,40,10.36
145,Mantua,IT,2022-01-23 22:26:52,45.1667,10.7833,39.52,83,3,0.89
146,Totness,SR,2022-01-23 22:26:53,5.8833,-56.3167,76.71,78,31,9.69
147,Lodja,CD,2022-01-23 22:26:53,-3.4833,23.4333,71.67,85,100,0.22
148,Pudozh,RU,2022-01-23 22:26:53,61.8099,36.5345,17.01,94,100,10.0
149,Salalah,OM,2022-01-23 22:26:54,17.0151,54.0924,69.89,21,0,12.66
150,Shieli,KZ,2022-01-23 22:26:54,44.1667,66.75,22.86,93,6,3.51
151,Luderitz,NA,2022-01-23 22:26:55,-26.6481,15.1594,77.29,61,63,11.63
152,Kodiak,US,2022-01-23 22:26:55,57.79,-152.4072,40.51,87,100,5.75
153,Alenquer,BR,2022-01-23 22:26:56,-1.9417,-54.7383,80.94,83,98,4.0
154,Alyangula,AU,2022-01-23 22:26:56,-13.8483,136.4192,78.67,100,75,0.0
155,Saint Anthony,US,2022-01-23 22:26:57,45.0205,-93.218,7.93,65,100,4.0
156,Sergeyevka,KZ,2022-01-23 22:26:57,53.88,67.4158,-10.12,99,78,6.24
157,Christchurch,NZ,2022-01-23 22:26:57,-43.5333,172.6333,61.92,82,100,1.99
158,Kulhudhuffushi,MV,2022-01-23 22:26:58,6.6221,73.07,80.69,61,99,10.0
159,Vao,NC,2022-01-23 22:26:58,-22.6667,167.4833,77.14,67,8,8.86
160,New Norfolk,AU,2022-01-23 22:26:59,-42.7826,147.0587,73.65,59,96,0.43
161,Terrace,CA,2022-01-23 22:26:59,54.5163,-128.6035,40.42,100,100,0.0
162,Mayo,US,2022-01-23 22:26:59,38.8876,-76.5119,38.25,66,100,5.99
163,Maple Creek,CA,2022-01-23 22:27:00,49.9168,-109.4848,45.01,56,100,8.05
164,Hamilton,US,2022-01-23 22:23:44,39.1834,-84.5333,30.02,73,100,4.0
165,Huainan,CN,2022-01-23 22:27:00,32.6264,116.9969,33.44,97,100,9.44
166,Sassandra,CI,2022-01-23 22:27:01,4.95,-6.0833,77.97,87,0,6.71
167,Guerrero Negro,MX,2022-01-23 22:25:25,27.9769,-114.0611,66.92,37,73,6.38
168,Bridlington,GB,2022-01-23 22:27:01,54.0831,-0.1919,39.88,87,86,12.97
169,Yeppoon,AU,2022-01-23 22:27:02,-23.1333,150.7333,78.58,67,96,8.46
170,Bethel,US,2022-01-23 22:27:02,41.3712,-73.414,34.16,61,100,1.01
171,Hirara,JP,2022-01-23 22:27:03,24.8,125.2833,68.27,94,75,6.91
172,Lompoc,US,2022-01-23 22:27:03,34.6391,-120.4579,76.69,53,0,9.22
173,Carutapera,BR,2022-01-23 22:27:04,-1.195,-46.02,76.77,92,77,6.62
174,Upernavik,GL,2022-01-23 22:27:04,72.7868,-56.1549,-13.36,62,2,5.66
175,Te Anau,NZ,2022-01-23 22:27:04,-45.4167,167.7167,54.82,70,76,2.1
176,Guaruja,BR,2022-01-23 22:27:05,-23.9931,-46.2564,85.15,26,75,9.78
177,Innisfail,AU,2022-01-23 22:27:05,-17.5333,146.0333,78.78,78,100,0.25
178,Grindavik,IS,2022-01-23 22:27:06,63.8424,-22.4338,30.67,80,75,9.22
179,Flin Flon,CA,2022-01-23 22:27:06,54.7682,-101.865,-0.56,60,20,5.75
180,Port-Gentil,GA,2022-01-23 22:28:07,-0.7193,8.7815,79.75,79,44,12.44
181,Hammerfest,NO,2022-01-23 22:28:07,70.6634,23.6821,41.45,70,40,16.11
182,Atuona,PF,2022-01-23 22:28:08,-9.8,-139.0333,78.66,76,18,18.68
183,Nanortalik,GL,2022-01-23 22:28:08,60.1432,-45.2371,22.62,77,100,6.6
184,Aksarka,RU,2022-01-23 22:28:08,66.5606,67.7975,0.86,97,63,10.89
185,La Ronge,CA,2022-01-23 22:28:09,55.1001,-105.2842,-0.15,60,20,4.61
186,Portland,US,2022-01-23 22:26:28,45.5234,-122.6762,57.36,66,31,4.0
187,Conceicao Da Barra,BR,2022-01-23 22:28:10,-18.5933,-39.7322,75.24,83,31,4.12
188,Isselburg,DE,2022-01-23 22:28:10,51.8333,6.4667,42.85,87,5,3.02
189,Bara,NG,2022-01-23 22:28:10,10.3744,10.7288,69.13,24,1,9.46
190,Oranjemund,NA,2022-01-23 22:28:11,-28.55,16.4333,73.69,69,78,11.1
191,Sola,VU,2022-01-23 22:28:11,-13.8833,167.55,86.67,74,75,9.22
192,Nome,US,2022-01-23 22:28:12,64.5011,-165.4064,2.16,85,0,0.0
193,Banda Aceh,ID,2022-01-23 22:25:03,5.5577,95.3222,76.3,85,85,4.0
194,Oksfjord,NO,2022-01-23 22:28:12,70.2396,22.3479,44.67,86,100,22.28
195,Crixas,BR,2022-01-23 22:28:13,-14.5489,-49.9692,81.28,67,45,2.91
196,Hanzhong,CN,2022-01-23 22:28:13,33.0728,107.0303,38.23,92,100,1.63
197,Farafangana,MG,2022-01-23 22:28:13,-22.8167,47.8333,76.41,91,63,14.81
198,Orsha,BY,2022-01-23 22:28:14,54.5153,30.4053,-1.7,100,93,3.22
199,Iquitos,PE,2022-01-23 22:28:14,-3.7481,-73.2472,77.04,94,75,3.44
200,Butaritari,KI,2022-01-23 22:28:15,3.0707,172.7902,81.91,80,98,18.1
201,Norman Wells,CA,2022-01-23 22:28:15,65.282,-126.8329,3.24,78,100,11.5
202,Saint-Louis,SN,2022-01-23 22:28:16,16.3333,-15.0,80.24,9,87,10.76
203,Avarua,CK,2022-01-23 22:28:16,-21.2078,-159.775,80.65,94,100,13.8
204,Aklavik,CA,2022-01-23 22:28:17,68.2191,-135.0107,2.23,98,96,4.88
205,Epe,NG,2022-01-23 22:28:17,6.5841,3.9834,74.93,88,3,4.45
206,Ercis,TR,2022-01-23 22:28:17,39.0287,43.3586,29.8,75,49,4.9
207,Pemba,MZ,2022-01-23 22:28:18,-12.974,40.5178,77.7,94,100,5.75
208,Dwarka,IN,2022-01-23 22:28:18,22.2394,68.9678,63.18,38,6,7.29
209,Alexandria,EG,2022-01-23 22:27:01,31.2156,29.9553,52.83,70,100,20.0
210,Kenai,US,2022-01-23 22:24:11,60.5544,-151.2583,33.85,94,100,6.91
211,Verkhoyansk,RU,2022-01-23 22:28:19,67.5447,133.385,-16.24,98,100,1.95
212,Raga,SS,2022-01-23 22:28:19,8.4596,25.678,72.14,25,5,5.23
213,Bogorodskoye,RU,2022-01-23 22:28:20,56.55,37.8833,0.79,100,96,2.44
214,Barabai,ID,2022-01-23 22:28:20,-2.5833,115.3833,73.56,96,96,1.5
215,Namibe,AO,2022-01-23 22:28:21,-15.1961,12.1522,74.97,86,92,7.94
216,Black Diamond,US,2022-01-23 22:28:21,47.3087,-122.0032,50.94,50,36,1.66
217,Iralaya,HN,2022-01-23 22:28:21,15.0,-83.2333,80.69,76,2,11.16
218,Baijiantan,CN,2022-01-23 22:28:22,45.6333,85.1833,10.81,96,100,2.1
219,Karratha,AU,2022-01-23 22:28:22,-20.7377,116.8463,81.46,78,69,9.24
220,Pisco,PE,2022-01-23 22:28:23,-13.7,-76.2167,77.05,65,0,19.57
221,Vila Velha,BR,2022-01-23 22:26:20,-20.3297,-40.2925,80.55,82,40,1.99
222,Saldanha,ZA,2022-01-23 22:28:23,-33.0117,17.9442,68.05,97,57,18.14
223,Tanout,NE,2022-01-23 22:28:24,14.9709,8.8879,59.5,19,13,12.64
224,Ribeira Grande,PT,2022-01-23 22:28:24,38.5167,-28.7,60.08,64,16,9.19
225,Pochutla,MX,2022-01-23 22:28:24,15.7432,-96.4661,89.82,48,1,7.85
226,San Ramon De La Nueva Oran,AR,2022-01-23 22:28:25,-23.1322,-64.326,89.2,56,53,3.36
227,Beihai,CN,2022-01-23 22:28:25,21.4833,109.1,67.3,94,98,9.57
228,Walvis Bay,NA,2022-01-23 22:29:26,-22.9575,14.5053,86.95,42,65,10.36
229,Sovetskiy,RU,2022-01-23 22:29:26,61.3614,63.5842,-1.12,99,89,3.06
230,Fortuna,US,2022-01-23 22:29:27,40.5982,-124.1573,70.93,51,0,1.01
231,San Jeronimo,PE,2022-01-23 22:29:27,-11.9472,-75.2829,60.01,61,63,3.58
232,Hovd,MN,2022-01-23 22:29:28,48.0056,91.6419,-3.44,73,6,5.82
233,Konosha,RU,2022-01-23 22:29:28,60.9736,40.257,11.35,91,99,9.35
234,Tabou,CI,2022-01-23 22:29:29,4.423,-7.3528,78.85,84,0,7.47
235,Lichinga,MZ,2022-01-23 22:29:16,-13.3128,35.2406,60.21,99,100,5.32
236,Ialibu,PG,2022-01-23 22:29:29,-6.2821,143.9935,60.33,91,100,1.45
237,Omboue,GA,2022-01-23 22:29:30,-1.5746,9.2618,76.84,86,53,5.97
238,Boundiali,CI,2022-01-23 22:29:30,9.5217,-6.4869,74.39,14,1,4.52
239,Santa Cruz,BO,2022-01-23 22:26:56,-17.8,-63.1667,84.25,61,20,17.27
240,Inhambane,MZ,2022-01-23 22:29:31,-23.865,35.3833,76.77,87,98,18.07
241,Ust-Tsilma,RU,2022-01-23 22:29:31,65.441,52.1498,10.2,91,96,9.01
242,Luwuk,ID,2022-01-23 22:29:32,-0.9516,122.7875,77.47,77,57,3.53
243,Cockburn Town,TC,2022-01-23 22:29:32,21.4612,-71.1419,78.1,75,0,10.92
244,Carnarvon,AU,2022-01-23 22:29:32,-24.8667,113.6333,78.87,65,7,19.57
245,Batagay,RU,2022-01-23 22:29:33,67.6333,134.6333,-20.54,98,100,3.13
246,East London,ZA,2022-01-23 22:29:33,-33.0153,27.9116,73.24,76,0,21.18
247,Sampit,ID,2022-01-23 22:29:34,-2.5333,112.95,73.69,96,87,2.68
248,Wilmington,US,2022-01-23 22:25:58,34.2257,-77.9447,44.01,68,0,5.55
249,Marawi,PH,2022-01-23 22:29:34,7.9986,124.2928,68.65,98,100,2.68
250,San Andres,CO,2022-01-23 22:29:35,12.5847,-81.7006,80.62,78,40,14.97
251,Labuhan,ID,2022-01-23 22:29:35,-6.8844,112.2051,77.68,88,91,11.14
252,Southbridge,US,2022-01-23 22:29:36,42.0751,-72.0334,31.32,50,96,5.23
253,Zhigansk,RU,2022-01-23 22:29:36,66.7697,123.3711,-7.08,98,100,11.88
254,Riyadh,SA,2022-01-23 22:28:42,24.6877,46.7219,51.94,29,3,8.39
255,Dengfeng,CN,2022-01-23 22:29:37,34.4553,113.0281,29.03,94,94,2.08
256,Mananara,MG,2022-01-23 22:29:37,-16.1667,49.7667,74.93,96,100,3.65
257,Lavrentiya,RU,2022-01-23 22:29:38,65.5833,-171.0,4.66,97,100,6.49
258,Half Moon Bay,US,2022-01-23 22:29:38,37.4636,-122.4286,67.89,48,0,1.99
259,Centralia,US,2022-01-23 22:29:38,46.7162,-122.9543,58.3,93,100,5.75
260,Unai,BR,2022-01-23 22:29:39,-16.3575,-46.9061,76.95,71,97,0.78
261,Tiarei,PF,2022-01-23 22:29:39,-17.5333,-149.3333,86.02,78,67,13.27
262,Edd,ER,2022-01-23 22:29:40,13.9297,41.6925,79.18,73,3,12.91
263,Pacific Grove,US,2022-01-23 22:29:40,36.6177,-121.9166,69.58,38,0,1.01
264,Yumen,CN,2022-01-23 22:29:40,40.2833,97.2,17.51,55,4,2.21
265,Tautira,PF,2022-01-23 22:29:41,-17.7333,-149.15,86.02,79,78,15.28
266,Meulaboh,ID,2022-01-23 22:29:41,4.1363,96.1285,74.95,90,100,4.27
267,Longyan,CN,2022-01-23 22:29:42,25.1072,117.0225,56.5,96,36,3.31
268,Key Largo,US,2022-01-23 22:26:35,25.0865,-80.4473,60.98,71,77,15.41
269,Kargat,RU,2022-01-23 22:29:42,55.1956,80.2811,-15.54,100,51,3.6
270,Gorontalo,ID,2022-01-23 22:29:43,0.5412,123.0595,74.68,93,88,2.66
271,Cayenne,GF,2022-01-23 22:29:43,4.9333,-52.3333,77.09,88,0,3.0
272,Maceio,BR,2022-01-23 22:29:43,-9.6658,-35.7353,78.24,83,40,8.05
273,Chicama,PE,2022-01-23 22:29:44,-7.8447,-79.1469,68.54,65,44,10.47
274,Nouadhibou,MR,2022-01-23 22:30:44,20.931,-17.0347,71.58,56,100,13.8
275,Mezen,RU,2022-01-23 22:30:45,65.8522,44.24,14.07,92,100,12.37
276,Santa Cruz Del Sur,CU,2022-01-23 22:30:45,20.7147,-77.9956,78.08,72,32,8.77
277,Aykhal,RU,2022-01-23 22:30:46,66.0,111.5,-10.59,100,87,4.81
278,Tocopilla,CL,2022-01-23 22:30:46,-22.092,-70.1979,69.8,79,99,11.1
279,Faya,SA,2022-01-23 22:30:47,18.3851,42.4509,50.52,60,34,3.09
280,Great Yarmouth,GB,2022-01-23 22:30:47,52.6083,1.7305,41.31,74,100,7.99
281,Urusha,RU,2022-01-23 22:30:47,54.05,122.9,-15.27,97,5,2.71
282,Pangody,RU,2022-01-23 22:30:48,65.85,74.4859,-9.35,100,99,7.43
283,Kununurra,AU,2022-01-23 22:30:48,-15.7667,128.7333,78.78,94,100,3.44
284,Pasighat,IN,2022-01-23 22:30:49,28.0667,95.3333,57.36,59,94,4.18
285,Souillac,MU,2022-01-23 22:30:49,-20.5167,57.5167,79.18,83,40,2.3
286,Luyang,CN,2022-01-23 22:30:49,27.6239,110.0989,37.13,94,98,3.44
287,Bayburt,TR,2022-01-23 22:30:50,40.2589,40.2278,11.1,94,34,5.1
288,Maniitsoq,GL,2022-01-23 22:30:50,65.4167,-52.9,19.83,68,100,19.39
289,Mangrol,IN,2022-01-23 22:30:51,21.1167,70.1167,59.04,54,14,9.55
290,Encantado,BR,2022-01-23 22:30:51,-29.2361,-51.8697,84.29,97,96,3.27
291,Maua,BR,2022-01-23 22:28:04,-23.6678,-46.4614,76.35,90,69,6.31
292,Gorele,TR,2022-01-23 22:30:52,41.0308,39.0031,42.24,94,100,12.24
293,Saint-Augustin,CA,2022-01-23 22:30:52,51.226,-58.6502,4.41,99,97,1.05
294,Marsh Harbour,BS,2022-01-23 22:30:53,26.5412,-77.0636,71.29,75,65,10.25
295,Rupert,US,2022-01-23 22:30:53,42.6191,-113.6772,27.28,86,100,4.61
296,Marzuq,YE,2022-01-23 22:30:54,14.4,46.4667,60.69,71,28,1.54
297,Katsuura,JP,2022-01-23 22:30:54,35.1333,140.3,46.18,82,100,17.52
298,Can Tho,VN,2022-01-23 22:30:55,10.0333,105.7833,73.38,100,75,2.3
299,Naifaru,MV,2022-01-23 22:30:55,5.4444,73.3657,81.03,59,87,10.49
300,Vestmannaeyjar,IS,2022-01-23 22:30:55,63.4427,-20.2734,37.26,58,100,38.25
301,Abonnema,NG,2022-01-23 22:30:56,4.7084,6.7931,79.41,79,3,5.55
302,Muttupet,IN,2022-01-23 22:30:56,10.4,79.4833,75.38,84,30,8.66
303,Vostok,RU,2022-01-23 22:30:57,46.4856,135.8833,-16.4,99,83,4.47
304,Naga,PH,2022-01-23 22:30:57,13.6192,123.1814,75.65,92,40,4.92
305,Omsukchan,RU,2022-01-23 22:30:57,62.5333,155.8,-28.32,98,100,5.06
306,Rio Verde De Mato Grosso,BR,2022-01-23 22:30:58,-18.9181,-54.8442,81.05,70,92,4.97
307,Aasiaat,GL,2022-01-23 22:30:58,68.7098,-52.8699,5.05,88,100,11.61
308,Ngunguru,NZ,2022-01-23 22:30:59,-35.6167,174.5,69.17,78,100,13.69
309,Zhezkazgan,KZ,2022-01-23 22:31:00,47.8043,67.7144,7.02,98,96,5.73
310,Weatherford,US,2022-01-23 22:28:39,32.7593,-97.7972,65.86,36,0,1.99
311,San Rafael Del Sur,NI,2022-01-23 22:31:00,11.8485,-86.4384,86.97,37,6,15.14
312,Caninde,BR,2022-01-23 22:31:01,-4.3589,-39.3117,78.01,67,2,4.25
313,Lujiang,CN,2022-01-23 22:31:01,31.2581,117.2817,35.65,92,100,9.46
314,Hasaki,JP,2022-01-23 22:31:02,35.7333,140.8333,37.8,61,100,24.74
315,Cap Malheureux,MU,2022-01-23 22:31:02,-19.9842,57.6142,79.29,85,47,3.0
316,Kamenka,RU,2022-01-23 22:31:03,51.3223,42.7678,18.75,93,100,13.42
317,Ust-Omchug,RU,2022-01-23 22:31:03,61.15,149.6333,-36.45,100,93,2.28
318,Rio Gallegos,AR,2022-01-23 22:30:28,-51.6226,-69.2181,57.25,58,75,16.11
319,Tambopata,PE,2022-01-23 22:31:04,-12.7333,-69.1833,75.09,94,75,3.44
320,Asau,RO,2022-01-23 22:32:04,46.4333,26.4,22.95,87,91,7.14
321,Shelburne,CA,2022-01-23 22:29:32,44.0787,-80.2041,11.75,74,92,5.57
322,Siddipet,IN,2022-01-23 22:32:05,18.1,78.85,62.33,71,17,5.79
323,Santa Rosa,PH,2022-01-23 22:32:06,14.3122,121.1114,76.98,87,76,3.27
324,Sistranda,NO,2022-01-23 22:32:06,63.7256,8.834,47.89,68,100,44.49
325,Berlevag,NO,2022-01-23 22:32:07,70.8578,29.0864,40.95,65,0,44.87
326,Bichena,ET,2022-01-23 22:32:07,10.45,38.2,54.37,35,78,2.77
327,Praia,CV,2022-01-23 22:32:07,14.9215,-23.5087,73.94,73,75,16.11
328,Pangnirtung,CA,2022-01-23 22:32:08,66.1451,-65.7125,-5.76,78,100,6.82
329,Vakhrushev,RU,2022-01-23 22:32:08,48.9833,142.9667,3.81,80,39,4.61
330,Saint-Georges,GD,2022-01-23 22:32:09,12.0564,-61.7485,78.48,73,20,16.11
331,Jalu,LY,2022-01-23 22:32:09,29.0331,21.5482,49.91,65,10,8.21
332,Manokwari,ID,2022-01-23 22:32:10,-0.8667,134.0833,81.61,77,100,6.78
333,Sur,OM,2022-01-23 22:32:10,22.5667,59.5289,67.06,60,0,12.12
334,Bathsheba,BB,2022-01-23 22:32:10,13.2167,-59.5167,79.41,69,40,13.8
335,La Paz,BO,2022-01-23 22:28:55,-16.5,-68.15,51.78,76,75,4.61
336,Camacha,PT,2022-01-23 22:32:11,33.0833,-16.3333,60.53,77,40,5.75
337,Saint-Ambroise,CA,2022-01-23 22:32:11,48.5501,-71.3324,1.94,60,92,13.8
338,Cherskiy,RU,2022-01-23 22:32:12,68.75,161.3,-31.61,98,100,4.45
339,Ames,US,2022-01-23 22:32:12,42.0347,-93.6199,17.83,79,100,5.01
340,Sibolga,ID,2022-01-23 22:32:13,1.7427,98.7792,75.0,87,88,3.44
341,Nanning,CN,2022-01-23 22:30:09,22.8167,108.3167,61.25,85,100,4.63
342,Joshimath,IN,2022-01-23 22:32:13,30.5667,79.5667,34.09,86,97,4.65
343,Kendari,ID,2022-01-23 22:32:14,-3.945,122.4989,77.0,88,93,3.0
344,Bantou,CN,2022-01-23 22:32:14,26.2151,117.4893,55.76,94,98,1.63
345,Vardo,NO,2022-01-23 22:28:15,70.3705,31.1107,41.2,75,0,27.63
346,Vanimo,PG,2022-01-23 22:32:15,-2.6741,141.3028,80.53,80,100,1.59
347,Mehamn,NO,2022-01-23 22:32:15,71.0357,27.8492,40.91,84,100,41.41
348,Atar,MR,2022-01-23 22:32:16,20.5169,-13.0499,73.0,19,89,7.25
349,Ugento,IT,2022-01-23 22:32:16,39.9263,18.1574,45.9,61,49,21.27
350,Leh,IN,2022-01-23 22:32:16,34.1667,77.5833,6.64,97,100,1.72
351,Ranau,MY,2022-01-23 22:32:17,5.9538,116.6641,70.45,97,94,0.45
352,Xuddur,SO,2022-01-23 22:32:17,4.1213,43.8894,70.16,63,24,13.44
353,Kindu,CD,2022-01-23 22:32:18,-2.95,25.95,68.7,98,100,2.44
354,Aromashevo,RU,2022-01-23 22:32:18,56.8602,68.6375,-0.9,95,76,6.22
355,Tonstad,NO,2022-01-23 22:32:19,58.6626,6.7169,42.62,97,99,5.82
356,Makakilo City,US,2022-01-23 22:32:19,21.3469,-158.0858,80.92,57,75,4.61
357,Zambezi,ZM,2022-01-23 22:32:19,-13.5432,23.1047,64.42,92,69,4.79
358,Broome,US,2022-01-23 22:32:20,42.2506,-75.833,28.02,79,100,3.0
359,Sao Filipe,CV,2022-01-23 22:32:20,14.8961,-24.4956,75.34,69,100,13.76
360,Port Keats,AU,2022-01-23 22:32:21,-14.25,129.55,81.55,85,92,7.81
361,Matagami,CA,2022-01-23 22:29:16,49.7502,-77.6328,-9.29,70,0,4.61
362,Quatre Cocos,MU,2022-01-23 22:32:21,-20.2078,57.7625,78.91,81,52,7.38
363,Minden,DE,2022-01-23 22:32:22,52.2833,8.9167,43.18,97,99,2.77
364,Wattegama,LK,2022-01-23 22:32:22,6.7989,81.4808,70.72,88,100,2.06
365,Dicabisagan,PH,2022-01-23 22:32:23,17.0818,122.4157,73.76,90,20,2.28
366,Langsa,ID,2022-01-23 22:32:23,4.4683,97.9683,72.64,96,91,2.33
367,Peniche,PT,2022-01-23 22:33:23,39.3558,-9.3811,53.1,80,9,8.7
368,Port Hardy,CA,2022-01-23 22:30:21,50.6996,-127.4199,39.38,93,100,0.0
369,Kalabo,ZM,2022-01-23 22:33:24,-14.97,22.6814,64.94,92,43,4.45
370,Lam Luk Ka,TH,2022-01-23 22:33:25,13.9323,100.7494,78.01,93,20,6.91
371,Ancud,CL,2022-01-23 22:33:25,-41.8697,-73.8203,62.42,85,83,9.46
372,Lasa,IT,2022-01-23 22:33:26,46.6166,10.7002,40.46,61,2,5.59
373,Diamantino,BR,2022-01-23 22:33:26,-14.4086,-56.4461,78.21,82,72,1.66
374,Ranghulu,CN,2022-01-23 22:33:27,46.65,124.8667,-6.95,99,94,3.36
375,Sakakah,SA,2022-01-23 22:33:27,29.9697,40.2064,42.37,46,0,2.04
376,Abu Samrah,SY,2022-01-23 22:33:27,35.3029,37.1841,38.93,89,33,9.55
377,Karimganj,IN,2022-01-23 22:33:28,24.8667,92.35,60.78,68,81,4.74
378,Chum Phae,TH,2022-01-23 22:33:28,16.5443,102.0992,71.69,68,46,2.3
379,Tecoanapa,MX,2022-01-23 22:33:29,16.5167,-98.75,83.17,57,2,9.89
380,Necochea,AR,2022-01-23 22:33:29,-38.5473,-58.7368,66.85,60,66,3.76
381,Bitung,ID,2022-01-23 22:33:30,1.4451,125.1824,74.25,74,86,3.31
382,Tessalit,ML,2022-01-23 22:33:30,20.1986,1.0114,60.1,11,1,10.89
383,Kotagiri,IN,2022-01-23 22:33:31,11.4333,76.8833,53.67,73,3,1.95
384,Mosquera,CO,2022-01-23 22:30:21,4.7059,-74.2302,60.89,82,40,8.05
385,Pokhara,NP,2022-01-23 22:33:31,28.2333,83.9833,48.15,51,78,5.48
386,Dingle,PH,2022-01-23 22:33:32,10.9995,122.6711,75.11,92,90,7.05
387,Gaeta,IT,2022-01-23 22:33:32,41.2183,13.5628,51.75,71,2,4.92
388,Karabuk,TR,2022-01-23 22:33:32,41.2049,32.6277,26.51,97,100,2.35
389,Kihei,US,2022-01-23 22:33:33,20.785,-156.4656,82.98,69,40,16.11
390,Antigonish,CA,2022-01-23 22:33:33,45.6169,-61.9986,30.02,79,100,4.0
391,Rocha,UY,2022-01-23 22:33:34,-34.4833,-54.3333,72.88,92,99,4.65
392,Toro,CO,2022-01-23 22:33:34,4.6117,-76.0814,84.88,91,92,5.06
393,Zabaykalsk,RU,2022-01-23 22:33:35,49.6333,117.3167,-3.26,99,100,1.66
394,Egvekinot,RU,2022-01-23 22:33:35,66.3167,-179.1667,-16.4,96,100,4.38
395,Mnogovershinnyy,RU,2022-01-23 22:33:35,53.9353,139.9242,-8.09,94,48,5.12
396,Andros Town,BS,2022-01-23 22:33:36,24.7,-77.7667,75.16,74,42,13.22
397,Kenitra,MA,2022-01-23 22:32:18,34.261,-6.5802,58.73,88,50,7.38
398,Jumla,NP,2022-01-23 22:33:36,29.2747,82.1838,25.11,91,52,6.11
399,Padang,ID,2022-01-23 22:33:37,-0.9492,100.3543,76.23,85,91,3.56
400,Mogadishu,SO,2022-01-23 22:33:37,2.0371,45.3438,77.29,75,89,23.73
401,Takoradi,GH,2022-01-23 22:33:38,4.8845,-1.7554,78.84,86,5,7.09
402,Sinjar,IQ,2022-01-23 22:33:38,36.3209,41.8754,38.14,65,97,9.1
403,Kerema,PG,2022-01-23 22:33:38,-7.9631,145.7785,82.89,69,94,3.0
404,Buluang,PH,2022-01-23 22:33:39,13.3068,123.3425,74.77,92,54,2.98
405,Seoul,KR,2022-01-23 22:32:46,37.5683,126.9778,34.99,83,0,3.44
406,A Coruna,ES,2022-01-23 22:33:39,43.3713,-8.396,48.72,86,20,4.0
407,Fairbanks,US,2022-01-23 22:31:34,64.8378,-147.7164,15.6,80,0,0.0
408,Jambi,ID,2022-01-23 22:33:40,-1.6,103.6167,73.09,97,100,1.32
409,The Valley,AI,2022-01-23 22:33:41,18.217,-63.0578,78.66,73,20,9.22
410,Esperance,AU,2022-01-23 22:33:41,-33.8667,121.9,64.24,84,87,14.2
411,Provideniya,RU,2022-01-23 22:33:41,64.3833,-173.3,12.36,79,100,8.95
412,Maldonado,UY,2022-01-23 22:31:26,-34.6667,-54.9167,74.59,94,100,4.68
413,Apricena,IT,2022-01-23 22:34:42,41.7839,15.4437,44.42,65,99,15.01
414,Wanlaweyn,SO,2022-01-23 22:34:42,2.6185,44.8938,74.61,69,79,15.12
415,Hay River,CA,2022-01-23 22:34:43,60.8156,-115.7999,-4.02,77,75,5.75
416,Ballina,AU,2022-01-23 22:34:43,-28.8667,153.5667,74.79,85,100,10.36
417,Mont-Dore,NC,2022-01-23 22:34:44,-22.2833,166.5833,84.18,99,47,6.91
418,Ryotsu,JP,2022-01-23 22:34:44,38.0833,138.4333,39.16,63,80,6.85
419,Mingshui,CN,2022-01-23 22:34:44,36.7167,117.5,27.09,59,100,3.78
420,Richards Bay,ZA,2022-01-23 22:34:45,-28.783,32.0377,68.38,86,13,5.19
421,Dunedin,NZ,2022-01-23 22:34:05,-45.8742,170.5036,56.8,73,99,4.0
422,Mount Isa,AU,2022-01-23 22:31:08,-20.7333,139.5,76.77,100,75,6.91
423,Botad,IN,2022-01-23 22:34:46,22.1667,71.6667,56.21,40,0,4.9
424,Kibala,TD,2022-01-23 22:34:46,9.1104,18.3463,78.75,22,0,13.8
425,Korla,CN,2022-01-23 22:34:47,41.7597,86.1469,23.81,58,100,1.52
426,Vershino-Shakhtaminskiy,RU,2022-01-23 22:34:47,51.3012,117.8868,-7.28,100,100,0.56
427,Yambio,SS,2022-01-23 22:34:47,4.5721,28.3955,74.89,33,61,3.8
428,Wucheng,CN,2022-01-23 22:34:48,29.6008,118.175,46.02,97,100,2.73
429,Cao Bang,VN,2022-01-23 22:34:48,22.6667,106.25,63.5,98,99,0.72
430,Okha,RU,2022-01-23 22:32:07,53.5739,142.9478,-5.12,94,21,12.35
431,Sao Gabriel Da Cachoeira,BR,2022-01-23 22:34:49,-0.1303,-67.0892,74.84,96,84,1.12
432,Enshi,CN,2022-01-23 22:34:49,30.3,109.4833,43.72,97,100,0.6
433,Lincoln,US,2022-01-23 22:31:03,40.8,-96.667,39.0,61,100,3.0
434,Istok,XK,2022-01-23 22:34:50,42.7808,20.4875,23.92,76,70,5.06
435,Cabedelo,BR,2022-01-23 22:34:50,-6.9811,-34.8339,79.47,73,32,9.17
436,Morrinhos,BR,2022-01-23 22:34:51,-17.7311,-49.0994,76.1,67,84,4.12
437,Sawtell,AU,2022-01-23 22:34:51,-30.3833,153.1,75.52,82,75,9.22
438,Miraflores,MX,2022-01-23 22:34:52,19.2167,-98.8083,72.25,49,60,7.83
439,Marco,US,2022-01-23 22:34:52,25.9726,-81.729,58.01,65,40,5.99
440,Kysyl-Syr,RU,2022-01-23 22:34:52,63.8986,122.7617,-15.21,100,91,3.29
441,Sao Jose Da Coroa Grande,BR,2022-01-23 22:34:53,-8.8978,-35.1478,80.19,71,43,10.78
442,Bell Ville,AR,2022-01-23 22:34:53,-32.6259,-62.6887,80.67,67,99,3.15
443,Antalaha,MG,2022-01-23 22:34:54,-14.9003,50.2788,74.62,91,98,3.62
444,Aykino,RU,2022-01-23 22:34:54,62.2248,49.9922,1.92,99,95,4.29
445,Talnakh,RU,2022-01-23 22:34:54,69.4865,88.3972,-5.08,99,100,5.37
446,Jiuquan,CN,2022-01-23 22:34:55,39.7432,98.5174,18.77,59,10,0.76
447,Vladivostok,RU,2022-01-23 22:34:55,43.1056,131.8735,10.42,86,6,11.86
448,Taoudenni,ML,2022-01-23 22:34:56,22.6783,-3.9836,66.22,18,71,9.6
449,North Platte,US,2022-01-23 22:34:56,41.1239,-100.7654,56.12,32,100,7.0
450,Yar-Sale,RU,2022-01-23 22:34:57,66.8333,70.8333,4.35,94,59,11.5
451,Nizhniy Kuranakh,RU,2022-01-23 22:34:57,58.8353,125.4869,-7.83,99,100,3.0
452,Nhulunbuy,AU,2022-01-23 22:34:58,-12.2333,136.7667,79.41,94,40,5.75
453,Roebourne,AU,2022-01-23 22:34:58,-20.7833,117.1333,82.96,72,69,6.67
454,Nauta,PE,2022-01-23 22:34:59,-4.5061,-73.5757,78.94,87,66,2.89
455,Baruun-Urt,MN,2022-01-23 22:34:59,46.6806,113.2792,1.76,98,99,2.95
456,Aranos,NA,2022-01-23 22:34:59,-24.1333,19.1167,69.4,45,74,11.39
457,Yendi,GH,2022-01-23 22:35:00,9.4427,-0.0099,79.29,15,0,6.46
458,Guaratinga,BR,2022-01-23 22:35:00,-16.5667,-39.5667,77.67,88,58,3.42
459,Chaiyaphum,TH,2022-01-23 22:35:01,15.75,102.0,77.94,66,2,1.23
460,Jasper,US,2022-01-23 22:32:33,37.2001,-94.3502,51.85,43,0,11.5
461,Malumfashi,NG,2022-01-23 22:36:02,11.7853,7.6218,63.57,18,2,9.86
462,Brewster,US,2022-01-23 22:36:02,41.3973,-73.6171,34.39,66,100,1.01
463,Lebanon,US,2022-01-23 22:36:02,36.2081,-86.2911,50.22,37,100,5.75
464,Bunia,CD,2022-01-23 22:36:03,1.5667,30.25,64.99,55,19,2.66
465,Juneau,US,2022-01-23 22:35:34,58.3019,-134.4197,41.85,96,100,3.44
466,Zeya,RU,2022-01-23 22:36:03,53.75,127.2667,-9.6,97,5,1.39
467,Huilong,CN,2022-01-23 22:36:04,31.8111,121.655,46.04,85,100,12.66
468,Torbay,CA,2022-01-23 22:35:28,47.6666,-52.7314,27.57,91,75,18.41
469,Kargil,IN,2022-01-23 22:36:05,34.5667,76.1,8.92,96,100,0.96
470,Namatanai,PG,2022-01-23 22:36:05,-3.6667,152.4333,83.89,70,93,3.47
471,Ixtlan,MX,2022-01-23 22:36:05,20.1833,-102.4,76.64,24,70,10.13
472,Ewo,CG,2022-01-23 22:36:06,-0.8725,14.8206,79.66,46,75,1.79
473,Goderich,CA,2022-01-23 22:36:06,43.7501,-81.7165,14.92,73,78,9.22
474,Xichang,CN,2022-01-23 22:36:07,27.8964,102.2634,42.8,91,95,0.65
475,Nimaparha,IN,2022-01-23 22:36:07,20.0667,86.0167,68.4,89,9,7.25
476,Tomatlan,MX,2022-01-23 22:36:08,19.9333,-105.25,83.73,43,72,6.89
477,Kabare,CD,2022-01-23 22:36:08,-2.4683,28.8242,61.77,96,100,2.46
478,Amapa,BR,2022-01-23 22:36:09,1.0,-52.0,72.16,98,83,2.01
479,Itoman,JP,2022-01-23 22:36:09,26.1247,127.6694,69.82,92,75,14.97
480,Ixtapa,MX,2022-01-23 22:36:10,20.7,-105.2,78.03,73,100,14.97
481,Sioux Lookout,CA,2022-01-23 22:36:10,50.1001,-91.917,-3.62,71,100,3.44
482,Clinton,US,2022-01-23 22:33:34,42.587,-82.9199,21.52,67,75,1.99
483,Chiang Khong,TH,2022-01-23 22:36:11,20.2613,100.4046,57.52,89,1,1.48
484,San Patricio,US,2022-01-23 22:36:11,28.017,-97.5169,59.41,43,100,4.36
485,Gondanglegi,ID,2022-01-23 22:36:12,-7.7479,112.0132,74.03,90,82,3.56
486,Khanpur,PK,2022-01-23 22:36:12,28.6453,70.6567,50.68,32,0,3.98
487,Sulangan,PH,2022-01-23 22:36:12,11.1373,123.7228,79.18,86,89,16.46
488,Port Hedland,AU,2022-01-23 22:36:13,-20.3167,118.5667,82.45,94,77,5.75
489,Shaunavon,CA,2022-01-23 22:36:13,49.6501,-108.4181,40.78,62,100,20.42
490,Nabire,ID,2022-01-23 22:36:14,-3.3667,135.4833,79.23,85,99,0.87
491,Mercedes,AR,2022-01-23 22:36:14,-34.6515,-59.4307,81.18,70,95,3.31
492,Talcahuano,CL,2022-01-23 22:36:14,-36.7167,-73.1167,67.68,64,0,16.11
493,Oudtshoorn,ZA,2022-01-23 22:36:15,-33.5907,22.2014,64.76,24,2,3.09
494,Gobabis,NA,2022-01-23 22:36:15,-22.45,18.9667,65.82,48,14,12.39
495,Altay,CN,2022-01-23 22:36:16,47.8667,88.1167,4.28,61,1,7.27
496,Ouagadougou,BF,2022-01-23 22:33:18,12.3642,-1.5383,71.73,18,0,5.75
497,Graaff-Reinet,ZA,2022-01-23 22:36:16,-32.2522,24.5308,81.91,38,1,8.55
498,Batesville,US,2022-01-23 22:33:06,35.7698,-91.641,56.89,35,20,5.75
499,Odienne,CI,2022-01-23 22:36:17,9.51,-7.5692,72.9,16,6,4.88
500,Monaragala,LK,2022-01-23 22:36:17,6.8714,81.3487,70.32,88,100,1.95
501,Gyor,HU,2022-01-23 22:36:18,47.6833,17.6351,33.93,69,0,11.5
502,Araouane,ML,2022-01-23 22:36:18,18.9048,-3.5265,63.57,12,1,12.5
503,Gurupi,BR,2022-01-23 22:36:19,-11.7292,-49.0686,77.63,77,52,5.7
504,Yerbogachen,RU,2022-01-23 22:36:19,61.2767,108.0108,-15.54,100,97,4.5
505,Gizycko,PL,2022-01-23 22:37:20,54.0381,21.7644,19.76,96,32,7.16
506,Coquimbo,CL,2022-01-23 22:37:20,-29.9533,-71.3436,64.13,77,0,14.97
507,Cassilandia,BR,2022-01-23 22:37:20,-19.1133,-51.7342,78.37,74,72,3.04
508,Farmington,US,2022-01-23 22:35:37,36.7281,-108.2187,51.21,30,0,11.5
509,Protivin,CZ,2022-01-23 22:37:21,49.1995,14.2172,36.81,93,100,8.99
510,Bay Roberts,CA,2022-01-23 22:37:21,47.5999,-53.2648,28.33,83,61,4.0
511,Kushva,RU,2022-01-23 22:37:22,58.2906,59.7592,15.62,86,100,5.23
512,Taicheng,CN,2022-01-23 22:37:22,38.731,113.228,26.91,75,100,1.43
513,Jatiroto,ID,2022-01-23 22:37:23,-7.8833,111.1167,73.02,93,94,1.23
514,Bhabua,IN,2022-01-23 22:37:23,25.05,83.6167,57.16,95,43,4.0
515,Iskateley,RU,2022-01-23 22:37:23,67.6803,53.1512,11.89,90,100,19.44
516,Warmbad,NA,2022-01-23 22:37:24,-28.45,18.7333,82.71,31,51,4.36
517,New Iberia,US,2022-01-23 22:34:52,30.0035,-91.8187,57.27,44,0,0.0
518,Dudinka,RU,2022-01-23 22:37:24,69.4058,86.1778,-16.29,100,100,5.82
519,Kytmanovo,RU,2022-01-23 22:37:25,53.4593,85.4479,0.73,98,100,1.57
520,Tateyama,JP,2022-01-23 22:37:25,34.9833,139.8667,46.09,61,100,17.76
521,Nuuk,GL,2022-01-23 22:37:26,64.1835,-51.7216,20.35,73,100,11.59
522,Charters Towers,AU,2022-01-23 22:36:07,-20.1,146.2667,81.28,57,77,11.99
523,Avera,US,2022-01-23 22:37:27,33.194,-82.5271,54.28,49,0,7.92
524,Celestun,MX,2022-01-23 22:37:27,20.8667,-90.4,74.03,76,33,17.78
525,Limbang,MY,2022-01-23 22:37:27,4.75,115.0,79.11,97,97,2.13
526,Westport,US,2022-01-23 22:37:28,41.1415,-73.3579,35.98,53,100,1.01
527,Sao Sebastiao,BR,2022-01-23 22:37:28,-23.76,-45.4097,77.32,93,62,6.58
528,Qaqortoq,GL,2022-01-23 22:37:29,60.7167,-46.0333,23.5,73,100,10.74
529,San Miguel,SV,2022-01-23 22:37:29,13.4833,-88.1833,98.2,28,0,6.91
530,Natalio,PY,2022-01-23 22:37:30,-26.7167,-55.0833,87.87,46,57,5.86
531,Okakarara,NA,2022-01-23 22:37:30,-20.5833,17.4333,68.5,45,32,6.64
532,Ambon,ID,2022-01-23 22:37:31,-3.6954,128.1814,75.34,94,20,5.75
533,Progreso,MX,2022-01-23 22:37:31,21.2833,-89.6667,80.71,77,43,14.32
534,Polunochnoye,RU,2022-01-23 22:37:31,60.8697,60.4153,13.62,91,100,2.64
535,Velikiy Ustyug,RU,2022-01-23 22:37:32,60.7644,46.3106,6.89,96,95,5.95
536,Kota Belud,MY,2022-01-23 22:37:32,6.351,116.4305,76.86,86,97,3.89
537,San Felipe,VE,2022-01-23 22:37:33,10.3399,-68.7425,71.6,85,63,6.13
538,Lengshuijiang,CN,2022-01-23 22:37:33,27.6881,111.4294,37.62,95,99,2.28
539,Conceicao Do Araguaia,BR,2022-01-23 22:37:33,-8.2578,-49.2647,75.43,90,40,1.97
540,Qesarya,IL,2022-01-23 22:37:34,32.5189,34.9046,50.31,75,100,7.7
541,Ban Nahin,LA,2022-01-23 22:37:34,18.2418,104.2122,65.39,88,9,3.06
542,Bambous Virieux,MU,2022-01-23 22:37:35,-20.3428,57.7575,79.05,83,40,2.3
543,Kjollefjord,NO,2022-01-23 22:37:35,70.9457,27.3465,40.78,84,100,41.99
544,Clarence Town,AU,2022-01-23 22:37:36,-32.5833,151.7833,76.33,62,93,3.0
545,Bilma,NE,2022-01-23 22:37:36,18.6853,12.9164,59.47,20,81,12.73
546,Kurchum,KZ,2022-01-23 22:37:36,48.5722,83.6542,-13.54,96,29,1.19
547,Santa Fe,AR,2022-01-23 22:37:37,-31.6333,-60.7,78.03,79,100,1.99
548,Tarauaca,BR,2022-01-23 22:36:43,-8.1614,-70.7656,75.76,95,95,1.61
549,Mirnyy,RU,2022-01-23 22:37:37,62.5353,113.9611,-13.77,75,83,4.0
550,Umm Lajj,SA,2022-01-23 22:37:38,25.0213,37.2685,63.73,59,5,10.78
551,Arona,ES,2022-01-23 22:37:38,28.0996,-16.681,59.52,89,20,1.14
552,Lhokseumawe,ID,2022-01-23 22:38:39,5.1801,97.1507,75.85,87,75,1.92
553,Comodoro Rivadavia,AR,2022-01-23 22:37:48,-45.8667,-67.5,75.06,22,0,27.63
554,Pleasanton,US,2022-01-23 22:38:39,37.6624,-121.8747,66.92,49,0,1.01
555,Kodinsk,RU,2022-01-23 22:38:40,58.6881,99.1844,0.03,99,100,1.1
556,Homer,US,2022-01-23 22:35:16,59.6425,-151.5483,43.03,71,100,20.71
557,Ostashkov,RU,2022-01-23 22:38:40,57.1467,33.1075,-2.87,100,99,4.32
558,Pervomayskiy,RU,2022-01-23 22:38:41,53.2485,40.2871,11.16,95,95,10.45
